,sample_id,family,parent,child,v_gene,child_is_leaf
1247,2022-06-16-PR1.4-4-RA-69-GC,PR1.4-4-RA-69-GC,GAGGTGCAGCTTCAGGAGTCAGGACCTAGCCTCGTGAAACCTTCTCAGACTCTGTCCCTCACCTGTTCTGTCACTGGCGACTCCATCACCAGTGGTTACTGGAACTGGATCCGGAAATTCCCAGGGAATAAACTTGAGTACATGGGGTACATAAACTACAGTGGTAGCACTTACTACAATCCATCTCTCAAAAGTCGAATCTCCATCACTCGAGACACATCCAAGAACCAGTACTACCTGCAGTTGAATTCTGTGACTACTGAGGACACAGCCACATATTACTGTGCAAGGGACTTCGATGTCTGGGGCGCAGGGACCACGGTCTCCGTCTCCTCA,GAGGTGCAGCTTCAGGAGTCAGGACCTAGCCTCGTGAAACCTTCTCAGACTCTGTCCCTCACCTGTTCTGTCACTGGCGACTCCATCACCAGTGGTTACTGGAACTGGATCCGGAAATTCCCAGGGAATAAACTTGAGTACATGGGGTACATAAACTACAGTGGTAGCACTTACTACAATCCATCTCTCAAAAGTCGATTCTCCATCACTCGAGACACATCCAAGAACCAGTACTACCTGCAGTTGAATTCTGTGACTACTGAGGACACAGCCACATATTACTGTGCAAGGGACTTCGATGTCTGGGGCGCAGGGACCACGGTCTCCGTCTCCTCA,IGHV3-8*chg,True
4183,2022-06-16-PR1.3-2-RB-30-GC,PR1.3-2-RB-30-GC,GAGGTGCAGCTTCAGGAGTCAGGACCTAGCCTCGTGAAACCTTCTCAGACTCTGTCCCTCACCTGTTCTGTCACTGGCGACTCCATCACCAGTGGTTACTGGAACTGGATCCGGAAATTCCCAGGGAATAAACTTGAGTACATGGGGTACATAAGCTACAGTGGTAGCACTTACTACAATCCATCTCTCAAAAGTCGAATCTCCATCACTCGAGACACATCCAAGAACCAGTACTACCTGCAGTTGAATTCTGTGACTACTGAGGACACAGCCACATATTACTGTGCAAGGGACTTCGATGTCTGGGGCGCAGGGACCACGGTCACCGTCTCCTCA,GAGGTGCAGCTTCAGGAGTCAGGACCTAGCCTCGTGAAACCTTCTCAGACTCTGTCCCTCACCTGTTCTGTCACTGGCGACTCCATCACCAGTGGTTACTGGAACTGGATCCGGAAATTCCCAGGGAATAAACTTGAGTACATGGGGTACATAAGCTACAGTGGTAGCACTTACTACAATCCATCTCTCAAAAGTCGAATCTCCATCACTCGAGACACATCCAAGAACCAGTACTACCTGCAGTTGAATTCTGTGACTACTGAGGACACAGCCACATATTACTGTGCAAGGGACTTCGATGTCTGGGGCGCAGGGACCACGGTCACCGTCTCCTCA,IGHV3-8*chg,False
402,2022-06-16-PR1.5-7-RP-90-GC,PR1.5-7-RP-90-GC,GAGGTGCAGCTTCAGGAGTCAGGACCTAGCCTCGTGAAACCTTCTCAGACTCTGTCCCTCACCTGTTCTGTCACTGGCGGCTCCATCACCAGTGGTTACTGGAACTGGATCCGGAAATTCCCAGGGAATAAACTTGAGTACATGGGATACATAAGCTACAGTGGTGGCACTTACTACAATCCATCTCTCAAAAGTCGAATCTCCATCACTCGAGACACATCCAAGAACCAGTACTACCTGCAGTTGAATTCTGTGACTACTGAGGACACAGCCACATATTACTGTGCAAGGGACTTCGATGTCTGGGGCGCAGGGACCACGGTCACCGTCTCCTCA,GAGGTGCAGCTTCAGGAGTCAGGACCTAGCCTCGTGAAACCTTCTCAGACTCTGTCCCTCACCTGTTCTGTCACTGGCGGCTCCATCACCAGTGGTTACTGGAACTGGATCCGGAAATTCCCAGGGAATAAACTTGAGTACATGGGATACATAAGCTACAGTGGTGGCACTTACTACAATCCATCTCTCAAAAGTCGAATCTCCATCACTCGAGACACATCCAAGAACCAGTACTACCTGCAGTTGATTTCTATGACTACTGAGGACACAGCCACATATTACTGTGCAAGGGACTTCGATGTCTGGGGCGCAGGGACCACGGTCACCGTCTCCTCA,IGHV3-8*chg,False
6509,2022-06-16-PR1.7-4-LB-63-GC,PR1.7-4-LB-63-GC,GAGGTGCAGCTTCAGGAGTCAGGACCTAGCCTCGTGAAACCTTCTCAGACTCTGTCCCTCACCTGTTCTGTCACTGGCGACTCCATCACCAGTGGTTACTGGAACTGGATCCGGAAATTCCCAGGGAATAAACTTGAGTACATGGGGTACATAAGCTACAGTGGTAGCACTTACTACAATCCATCTCTCAAAAGTCGAATCTCCATCACTCGAGACACATCCAAGAACCAGTACTACCTGCAGTTGAACTCTGTGACTACTGAGGACACAGCCACATATTACTGTGCAAGGGACTTCGATGTCTGGGGCGCAGGGACCACGGTCACCGTCTCCTCA,GAGGTGCAGCTTCAGGAGTCAGGACCTAGCCTCGTGAAACCTTCTCAGACTCTGTCCCTCACCTGTTCTGTCACTGGCGACTCCATCACCAGTGGTTACTGGAACTGGATCCGGAAATTCCCAGGGAATAAACTTGAGTACATGGGGTACATAAGCTACAGTGGTAGCACTTACTACAATCCATCTCTCAAAGGTCGAATCTCCATCACTCGAGACACATCCAAGAACCAGTACTACCTGCAGTTGAACTCTGTGACTACTGAGGACACAGCCACATATTACTGTGCAAGGGACTTCGATGTCTGGGGCGCAGGGACCACGGTCACCGTCTCCTCT,IGHV3-8*chg,False
86,2022-06-16-PR1.4-1-RB-14-GC,PR1.4-1-RB-14-GC,GAGGTGCAGCTTCAGGAGTCAGGACCTAGCCTCGTGAAACCTTCTCAGACTCTGTCCCTCACCTGTTCTGTCACTGGCGACTCCATCACCAGTGGTTACTGGAACTGGATCCGGAAATTCCCAGGGAATAAACTTGAGTACATGGGGTACATAAGCTACAGTGGTAGCACTTACTACAATCCATCTCTCAAAAGTCGAATCTCCATCACTCGAGACACATCCAAGAACCAGTACTACCTGCAGTTGAATTCTGTGACTACTGAGGACACAGCCACATATTACTGTGCAAGGGACTTCGATGTCTGGGGCGCAGGGACCACGGTCACCGTCTCCTCA,GAGGTGCAGCTTCAGGAGTCAGGACCTAGCCTCGTGAAACCTTCTCAGACTCTGTCCCTCACCTGTTCTGTCACTGGCGACTCCATCACCAGTGGTTACTGGAACTGGATCCGGAAATTCCCAGGGAATAAACTTGAGTACATGGGGTACACAAGCTACAGTGGTAACACTTACTACAATCCATCTCTCAAAAGTCGAATCTCCATCACTCGAGACACATCCAAGAACCAGTACTACCTGCAGTTGAATTCTGTGACTACTGAGGACACAGCCACATATTACTGTGCAAGGGACTTCGATGTCTGGGGCGCAGGGACCACGGTCACCGTCTCCTCA,IGHV3-8*chg,True
5574,2022-06-16-PR1.7-1-RB-12-GC,PR1.7-1-RB-12-GC,GAGGTGCAGCTTCAGGAGTCAGGACCTAGCCTCGTGAAACCTTCTCAGACTCTGTCCCTCACCTGTTCTGTCACTGGCGACTCCATCACCAGTGGTTACTGGAACTGGATCCGGAAATTCCCAGGGAATAAACTTGAGTACATGGGGTACATAAGCTACAGTGGTAGCACTTACTACAATCCATCTCTCAAAAGTCGAATCTCCATCACTCGAGACACATCCAAGAACCAGTACTACCTGCAGTTGAATTCTGTGACTACTGAGGACACAGCCACATATTACTGTGCAAGGGACTTCGATGTCTGGGGCGCAGGGACCACGGTCACCGTCTCCTCA,GAGGTGCAGCTTCAGGAGTCAGGACCTAGCCTCGTGAAACCTTCTCAGACTCTGTCCCTCACCTGTTCTGTCACTGGCGACTCCATCACCAGTGGTTACTGGAGCTGGATCCGGAAATTCCCAGGGAATAAACTTGAGTACATGGGGTACATAAGCTACAGTGGTAGCACTTACTACAATCCATCTCTCAAAAGTCGAATCTCCATCACTCGAGACACATCCAAGAACCAGTACTACCTGCAGTTGAATTCTGTGACTACTGAGGACACAGCCACATATTACTGTGCAAGGGACTTCGATGTCTGGGGCGCAGGGACCACGGTCACCGTCTCCTCA,IGHV3-8*chg,False
4336,2022-06-16-PR1.10-12-RB-126-GC,PR1.10-12-RB-126-GC,GAGGTGCAGCTTCAGGAGTCAGGACCTAGCCTCGTGAAACCTTCTCAGACTCTGTCCCTCACCTGTTCTGTCACTGGCGACTCCATCACCAGTGGTTACTGGAACTGGATCCGGAAATTCCCAGGGAATAAACTTGAGTACATGGGGTACATAAACTACAGTGGTCGCACTTACTACAATCCATCTCTCAAAAGTCGAATCTCCATCACTCGAGACACATCCAAGAACCAGTACTACCTGCAGTTGAATTCTGTGACTACTGAGGACACAGCCACATATTACTGTGCAAGGGACTTCGATGTCTGGGGCGCAGGGACCACGGTCACCGTCTCCTCA,GAGGTGCAGCTTCAGGAGTCAGGACCTAGCCTCGTGAAACCTTCTCAGACTCTGTCCCTCACCTGTTCTGTCACTGGCGACTCCATCACCAGTGGTTACTGGAACTGGATCCGGAAATTCCCAGGGAATAAACTTGAGTACATGGGGTACATAAACTACAGTGGTCGCACTTACTACAATCCATCTCTCAAAAGTCGAATCTCCATCACTCGAGACACATCCAAGAACCAGTACTACCTGCAGTTGAATTCTGTGACTACTGAGGACACAGCCACATATTACTGTGCAAGGGACTTCGATGTCTGGGGCGCAGGGACCACGGTCACCGTCTCCTCA,IGHV3-8*chg,True
2038,2022-06-16-PR1.9-11-LB-118-GC,PR1.9-11-LB-118-GC,GAGGTGCAGCTTCAGGAGTCAGGACCTAGCCTCGTGAAACCTTCTCAGACTCTGACCCTCACCTGTTCTGTCACTGGCGACTCCATCACCAGTGGTTACTGGAACTGGATCCGGAAATTCCCAGGGAATAAACTTGAGTACATGGGGTACATAAGCCACAGTGGTAGCACTTACTACAATCCATCTCTCAAAAGTCGAATCTCCATCACTCGAGACACATCCAAGAACCAGTACTACCTGCAGTTGAATTCTGTGACTACTGAGGACACAGCCACATATTACTGTGGAAGGGACTTCGATGTCTGGGGCGCAGGGACCACGGTCACCGTCTCCTCA,GAGGTGCAGCTTCAGGAGTCAGGACCTAGCCTCGTGAAACCTTCTCAGACTCTGACCCTCACCTGTTCTGTCACTGGCGACTCCATCACCAGTGGTTACTGGAACTGGATCCGGAAATTCCCAGGGAATAAACTTGAGTACATGGGGTACATAAGCCACAGTGGTAGCACTTACTACAATCCATCTCTCAAAAGTCGAATCTCCATCACTCGAGACACATCCAAGAACCAGTACTACCTGCAGTTGAATTCTGTGACTACTGAGGACACAGCCACATATTACTGTGGAAGGGACTTCGATGTCTGGGGCGCAGGGACCACGGTCACCGTCTCCTCA,IGHV3-8*chg,True
6879,2022-06-16-PR1.2-2-LA-38-GC,PR1.2-2-LA-38-GC,GAGGTGCAGCTTCAGGAGTCAGGACCTAGCCTCGTGAAACCTTCTCAGACTCTGTCCCTCACCTGTTCTGTCACTGGCGACTCCATCACCAGTGGTTACTGGAACTGGATCCGGAAATTCCCAGGGAATAAACTTGAGTACATGGGGTACATAAGCTACAGTGGTAGCACTTACTACAATCCATCTCTCAAAAGTCGAATCTCCATCACTCGAGACACATCCAAGAACCAGTACTACCTGCAGTTGAATTCTGTGACTACTGAGGACACAGCCACATATTACTGTGCAAGGGACTTCGATGTCTGGGGCGCAGGGACCACGGTCACCGTCTCCTCA,GAGGTGCAGCTTCAGGAGTCAGGACCTAGCCTCGTGAAACCTTCTCAGACTCTGTCCCTCACCTGTTCTGTCACTGGCGACTCCATCACCAGTGGTTACTGGAACTGGATCCGGAAATTCCCAGGGAATAAACTTGAGTACATGGGGTACATAAGCTACAGTGGTAGCACTTACTACAATCCATCTCTCAAAAGTCGAATCTCCATCACTCGAGACACATCCAAGAACCAGTACTACCTGCAGTTGAATTCTGTGACTACTGAGGACACAGCCACATATTACTGTGCAAGGGACTTCGATGTCTGGGGCGCAGGGACCACGGTCACCGTCTCCTCA,IGHV3-8*chg,False
3289,2022-06-16-PR1.8-2-RP-22-GC,PR1.8-2-RP-22-GC,GAGGTGCAGCTTCAGGAGTCAGGACCTAGCCTCGTGAAACCTTCTCAGACTCTGTCCCTCACCTGTTCTGTCACTGGCGACTCCATCACCAGTGGTTACTGGAACTGGATCCGGAAATTCCCAGGGAATAAACTTGAGTACATGGGGTACATAAGCTACAGTGGTAGCACTTACTACAATCCATCTCTCAAAAGTCGAATCTCCATCACTCGAGACACATCCAAGAACCAGTACTACCTGCAGTTGAATTCTGTGACTACTGAGGACACAGCCACATATTACTGTGGAAGGGACTTCGATGTCTGGGGCGCAGGGACCACGGTCACCGTCTCCTCA,GAGGTGCAGCTTCAGGAGTCAGGACCTAGCCTCGTGAAACCTTCTCAGACTCTGTCCCTCACCTGTTCTGTCACTGGCGACTCCATCACCAGTGGTTACTGGAACTGGATCCGGAAATTCCCAGGGAATAAACTTGAGTACATGGGGTACATAAGCTACAGTGGTAGCACTTACTACAATCCATCTCTCAAAAGTCGAATCTCCATCACTCGAGACACATCCAAGAACCAGTTCTACCTGCAGTTGAATTCTGTGACTACTGAGGACACAGCCACATATTACTGTGGAAGGGACTTCGATGTCTGGGGCGCAGGGACCACGGTCACCGTCTCCTCA,IGHV3-8*chg,True
